Workbook

Sheet Trades
A1: 1h chart + daily filter: BTC futures short trades. Times are when the hourly bar closed (stop exits happened during that hour). Prices = BTC spot as proxy for futures. Fees/sizes come from the Fees tab.
A2: # | B2: Entry (ET) | C2: Exit (ET) | D2: Hours held | E2: Entry price ($) | F2: Exit price ($) | G2: Exit reason | H2: Price move per BTC ($) | I2: Perp fee RT per contract ($) | J2: Dated fee RT per contract ($) | K2: Micro fee RT per contract ($) | L2: Perp fees for exposure ($) | M2: Dated fees for exposure ($) | N2: Micro fees for exposure ($) | O2: Slippage for exposure ($) | P2: Net P&L on perp ($) | Q2: Net P&L on dated ($) | R2: Net P&L on micro ($)
A3: 1 | B3: 42749.75 | C3: 42750.375 | D3: 15 | E3: 815.5 | F3: 820.78 | G3: early_warning | H3: =E3-F3 -> -5.28 | I3: =MAX(Fees!$B$6,Fees!$B$5*Fees!$B$4*E3)+MAX(Fees!$B$6,Fees!$B$5*Fees!$B$4*F3) -> 0.3 | J3: =2*Fees!$B$8 -> 0.3 | K3: =2*Fees!$B$10 -> 5 | L3: =I3*Fees!$B$3/Fees!$B$4 -> 30 | M3: =J3*Fees!$B$3/Fees!$B$7 -> 30 | N3: =K3*Fees!$B$3/Fees!$B$9 -> 50 | O3: =2*Fees!$B$11*Fees!$B$3 -> 20 | P3: =H3*Fees!$B$3-L3-O3 -> -55.28 | Q3: =H3*Fees!$B$3-M3-O3 -> -55.28 | R3: =H3*Fees!$B$3-N3-O3 -> -75.28
A4: 2 | B4: 42753.5 | C4: 42753.833 | D4: 8 | E4: 872.51 | F4: 890 | G4: early_warning | H4: =E4-F4 -> -17.49 | I4: =MAX(Fees!$B$6,Fees!$B$5*Fees!$B$4*E4)+MAX(Fees!$B$6,Fees!$B$5*Fees!$B$4*F4) -> 0.3 | J4: =2*Fees!$B$8 -> 0.3 | K4: =2*Fees!$B$10 -> 5 | L4: =I4*Fees!$B$3/Fees!$B$4 -> 30 | M4: =J4*Fees!$B$3/Fees!$B$7 -> 30 | N4: =K4*Fees!$B$3/Fees!$B$9 -> 50 | O4: =2*Fees!$B$11*Fees!$B$3 -> 20 | P4: =H4*Fees!$B$3-L4-O4 -> -67.49 | Q4: =H4*Fees!$B$3-M4-O4 -> -67.49 | R4: =H4*Fees!$B$3-N4-O4 -> -87.49
A5: 3 | B5: 42763.25 | C5: 42763.833 | D5: 14 | E5: 915 | F5: 918.99 | G5: early_warning | H5: =E5-F5 -> -3.99 | I5: =MAX(Fees!$B$6,Fees!$B$5*Fees!$B$4*E5)+MAX(Fees!$B$6,Fees!$B$5*Fees!$B$4*F5) -> 0.3 | J5: =2*Fees!$B$8 -> 0.3 | K5: =2*Fees!$B$10 -> 5 | L5: =I5*Fees!$B$3/Fees!$B$4 -> 30 | M5: =J5*Fees!$B$3/Fees!$B$7 -> 30 | N5: =K5*Fees!$B$3/Fees!$B$9 -> 50 | O5: =2*Fees!$B$11*Fees!$B$3 -> 20 | P5: =H5*Fees!$B$3-L5-O5 -> -53.99 | Q5: =H5*Fees!$B$3-M5-O5 -> -53.99 | R5: =H5*Fees!$B$3-N5-O5 -> -73.99
A6: 4 | B6: 42823.125 | C6: 42823.292 | D6: 4 | E6: 1014.17 | F6: 1037.14 | G6: early_warning | H6: =E6-F6 -> -22.97 | I6: =MAX(Fees!$B$6,Fees!$B$5*Fees!$B$4*E6)+MAX(Fees!$B$6,Fees!$B$5*Fees!$B$4*F6) -> 0.3 | J6: =2*Fees!$B$8 -> 0.3 | K6: =2*Fees!$B$10 -> 5 | L6: =I6*Fees!$B$3/Fees!$B$4 -> 30 | M6: =J6*Fees!$B$3/Fees!$B$7 -> 30 | N6: =K6*Fees!$B$3/Fees!$B$9 -> 50 | O6: =2*Fees!$B$11*Fees!$B$3 -> 20 | P6: =H6*Fees!$B$3-L6-O6 -> -72.97 | Q6: =H6*Fees!$B$3-M6-O6 -> -72.97 | R6: =H6*Fees!$B$3-N6-O6 -> -92.97
A7: 5 | B7: 42929.583 | C7: 42932.958 | D7: 81 | E7: 2325.43 | F7: 1961.76 | G7: trend_flip_up | H7: =E7-F7 -> 363.67 | I7: =MAX(Fees!$B$6,Fees!$B$5*Fees!$B$4*E7)+MAX(Fees!$B$6,Fees!$B$5*Fees!$B$4*F7) -> 0.3 | J7: =2*Fees!$B$8 -> 0.3 | K7: =2*Fees!$B$10 -> 5 | L7: =I7*Fees!$B$3/Fees!$B$4 -> 30 | M7: =J7*Fees!$B$3/Fees!$B$7 -> 30 | N7: =K7*Fees!$B$3/Fees!$B$9 -> 50 | O7: =2*Fees!$B$11*Fees!$B$3 -> 20 | P7: =H7*Fees!$B$3-L7-O7 -> 313.67 | Q7: =H7*Fees!$B$3-M7-O7 -> 313.67 | R7: =H7*Fees!$B$3-N7-O7 -> 293.67
A8: 6 | B8: 42992.333 | C8: 42994.083 | D8: 42 | E8: 3604.96 | F8: 3821.26 | G8: stop | H8: =E8-F8 -> -216.3 | I8: =MAX(Fees!$B$6,Fees!$B$5*Fees!$B$4*E8)+MAX(Fees!$B$6,Fees!$B$5*Fees!$B$4*F8) -> 0.3 | J8: =2*Fees!$B$8 -> 0.3 | K8: =2*Fees!$B$10 -> 5 | L8: =I8*Fees!$B$3/Fees!$B$4 -> 30 | M8: =J8*Fees!$B$3/Fees!$B$7 -> 30 | N8: =K8*Fees!$B$3/Fees!$B$9 -> 50 | O8: =2*Fees!$B$11*Fees!$B$3 -> 20 | P8: =H8*Fees!$B$3-L8-O8 -> -266.3 | Q8: =H8*Fees!$B$3-M8-O8 -> -266.3 | R8: =H8*Fees!$B$3-N8-O8 -> -286.3
A9: 7 | B9: 43121.542 | C9: 43121.833 | D9: 7 | E9: 11479.11 | F9: 11708.91 | G9: early_warning | H9: =E9-F9 -> -229.8 | I9: =MAX(Fees!$B$6,Fees!$B$5*Fees!$B$4*E9)+MAX(Fees!$B$6,Fees!$B$5*Fees!$B$4*F9) -> 0.3 | J9: =2*Fees!$B$8 -> 0.3 | K9: =2*Fees!$B$10 -> 5 | L9: =I9*Fees!$B$3/Fees!$B$4 -> 30 | M9: =J9*Fees!$B$3/Fees!$B$7 -> 30 | N9: =K9*Fees!$B$3/Fees!$B$9 -> 50 | O9: =2*Fees!$B$11*Fees!$B$3 -> 20 | P9: =H9*Fees!$B$3-L9-O9 -> -279.8 | Q9: =H9*Fees!$B$3-M9-O9 -> -279.8 | R9: =H9*Fees!$B$3-N9-O9 -> -299.8
A10: 8 | B10: 43126.167 | C10: 43126.5 | D10: 8 | E10: 10745.24 | F10: 11100 | G10: early_warning | H10: =E10-F10 -> -354.76 | I10: =MAX(Fees!$B$6,Fees!$B$5*Fees!$B$4*E10)+MAX(Fees!$B$6,Fees!$B$5*Fees!$B$4*F10) -> 0.3 | J10: =2*Fees!$B$8 -> 0.3 | K10: =2*Fees!$B$10 -> 5 | L10: =I10*Fees!$B$3/Fees!$B$4 -> 30 | M10: =J10*Fees!$B$3/Fees!$B$7 -> 30 | N10: =K10*Fees!$B$3/Fees!$B$9 -> 50 | O10: =2*Fees!$B$11*Fees!$B$3 -> 20 | P10: =H10*Fees!$B$3-L10-O10 -> -404.76 | Q10: =H10*Fees!$B$3-M10-O10 -> -404.76 | R10: =H10*Fees!$B$3-N10-O10 -> -424.76
A11: 9 | B11: 43129.042 | C11: 43134.292 | D11: 126 | E11: 11466.56 | F11: 9028 | G11: trend_flip_up | H11: =E11-F11 -> 2438.56 | I11: =MAX(Fees!$B$6,Fees!$B$5*Fees!$B$4*E11)+MAX(Fees!$B$6,Fees!$B$5*Fees!$B$4*F11) -> 0.3 | J11: =2*Fees!$B$8 -> 0.3 | K11: =2*Fees!$B$10 -> 5 | L11: =I11*Fees!$B$3/Fees!$B$4 -> 30 | M11: =J11*Fees!$B$3/Fees!$B$7 -> 30 | N11: =K11*Fees!$B$3/Fees!$B$9 -> 50 | O11: =2*Fees!$B$11*Fees!$B$3 -> 20 | P11: =H11*Fees!$B$3-L11-O11 -> 2388.56 | Q11: =H11*Fees!$B$3-M11-O11 -> 2388.56 | R11: =H11*Fees!$B$3-N11-O11 -> 2368.56
A12: 10 | B12: 43152.792 | C12: 43154.917 | D12: 51 | E12: 10449.4 | F12: 10432.89 | G12: trend_flip_up | H12: =E12-F12 -> 16.51 | I12: =MAX(Fees!$B$6,Fees!$B$5*Fees!$B$4*E12)+MAX(Fees!$B$6,Fees!$B$5*Fees!$B$4*F12) -> 0.3 | J12: =2*Fees!$B$8 -> 0.3 | K12: =2*Fees!$B$10 -> 5 | L12: =I12*Fees!$B$3/Fees!$B$4 -> 30 | M12: =J12*Fees!$B$3/Fees!$B$7 -> 30 | N12: =K12*Fees!$B$3/Fees!$B$9 -> 50 | O12: =2*Fees!$B$11*Fees!$B$3 -> 20 | P12: =H12*Fees!$B$3-L12-O12 -> -33.49 | Q12: =H12*Fees!$B$3-M12-O12 -> -33.49 | R12: =H12*Fees!$B$3-N12-O12 -> -53.49
A13: 11 | B13: 43159.917 | C13: 43160.125 | D13: 5 | E13: 10328.77 | F13: 10532.99 | G13: early_warning | H13: =E13-F13 -> -204.22 | I13: =MAX(Fees!$B$6,Fees!$B$5*Fees!$B$4*E13)+MAX(Fees!$B$6,Fees!$B$5*Fees!$B$4*F13) -> 0.3 | J13: =2*Fees!$B$8 -> 0.3 | K13: =2*Fees!$B$10 -> 5 | L13: =I13*Fees!$B$3/Fees!$B$4 -> 30 | M13: =J13*Fees!$B$3/Fees!$B$7 -> 30 | N13: =K13*Fees!$B$3/Fees!$B$9 -> 50 | O13: =2*Fees!$B$11*Fees!$B$3 -> 20 | P13: =H13*Fees!$B$3-L13-O13 -> -254.22 | Q13: =H13*Fees!$B$3-M13-O13 -> -254.22 | R13: =H13*Fees!$B$3-N13-O13 -> -274.22
A14: 12 | B14: 43181.292 | C14: 43183.5 | D14: 53 | E14: 8714.93 | F14: 8954.99 | G14: early_warning | H14: =E14-F14 -> -240.06 | I14: =MAX(Fees!$B$6,Fees!$B$5*Fees!$B$4*E14)+MAX(Fees!$B$6,Fees!$B$5*Fees!$B$4*F14) -> 0.3 | J14: =2*Fees!$B$8 -> 0.3 | K14: =2*Fees!$B$10 -> 5 | L14: =I14*Fees!$B$3/Fees!$B$4 -> 30 | M14: =J14*Fees!$B$3/Fees!$B$7 -> 30 | N14: =K14*Fees!$B$3/Fees!$B$9 -> 50 | O14: =2*Fees!$B$11*Fees!$B$3 -> 20 | P14: =H14*Fees!$B$3-L14-O14 -> -290.06 | Q14: =H14*Fees!$B$3-M14-O14 -> -290.06 | R14: =H14*Fees!$B$3-N14-O14 -> -310.06
... A140: 138 | B140: 46244.833 | C140: 46245.333 | D140: 12 | E140: 63911.16 | F140: 64330.98 | G140: trend_flip_up | H140: =E140-F140 -> -419.82 | I140: =MAX(Fees!$B$6,Fees!$B$5*Fees!$B$4*E140)+MAX(Fees!$B$6,Fees!$B$5*Fees!$B$4*F140) -> 0.3 | J140: =2*Fees!$B$8 -> 0.3 | K140: =2*Fees!$B$10 -> 5 | L140: =I140*Fees!$B$3/Fees!$B$4 -> 30 | M140: =J140*Fees!$B$3/Fees!$B$7 -> 30 | N140: =K140*Fees!$B$3/Fees!$B$9 -> 50 | O140: =2*Fees!$B$11*Fees!$B$3 -> 20 | P140: =H140*Fees!$B$3-L140-O140 -> -469.82 | Q140: =H140*Fees!$B$3-M140-O140 -> -469.82 | R140: =H140*Fees!$B$3-N140-O140 -> -489.82
A141: Total | D141: =SUM(D3:D140) -> 5959 | H141: =SUM(H3:H140) -> 36572.44 | L141: =SUM(L3:L140) -> 4215.1364 | M141: =SUM(M3:M140) -> 4140 | N141: =SUM(N3:N140) -> 6900 | O141: =SUM(O3:O140) -> 2760 | P141: =SUM(P3:P140) -> 29597.304 | Q141: =SUM(Q3:Q140) -> 29672.44 | R141: =SUM(R3:R140) -> 26912.44
A142: Wins (perp) | P142: =COUNTIF(P3:P140,">0") -> 30
A143: Trades | P143: =COUNT(P3:P140) -> 138

Sheet Fees
A1: Fee inputs (blue = edit me)
A2: Product | B2: Value | C2: Note
A3: BTC exposure per trade | B3: 1 | C3: Size of each short, in BTC
A4: Nano perp: contract size (BTC) | B4: 0.01 | C4: Coinbase nano BTC-PERP
A5: Nano perp: fee % of notional per side | B5: 0.0002 | C5: "As low as 0.02% per contract", all-in (Coinbase blog)
A6: Nano perp: minimum fee per contract per side ($) | B6: 0.15 | C6: Coinbase blog: $0.15 minimum
A7: Nano dated: contract size (BTC) | B7: 0.01 | C7: Coinbase nano Bitcoin futures (BIT)
A8: Nano dated: fee per contract per side ($) | B8: 0.15 | C8: ESTIMATE: $0.10 exchange fee (Coinbase Derivatives fee schedule) + brokerage; check your order ticket
A9: CME micro: contract size (BTC) | B9: 0.1 | C9: CME Micro Bitcoin (MBT)
A10: CME micro: fee per contract per side ($) | B10: 2.5 | C10: PLACEHOLDER: set your broker's all-in MBT fee
A11: Slippage per BTC per side ($) | B11: 10 | C11: Spread/slippage assumption
A13: Round trip per contract (in + out) | B13: $ | C13: At what price
A14: Nano perp | B14: =2*MAX(B6,B5*B4*B17) -> 0.336 | C14: At BTC price in B17 (fee is % based)
A15: Nano dated | B15: =2*B8 -> 0.3 | C15: Flat
A16: CME micro | B16: =2*B10 -> 5 | C16: Flat
A17: BTC price for perp example | B17: 84000 | C17: Edit to see perp fee at another price
A19: Contracts needed for the BTC exposure in B3
A20: Nano perp | B20: =B3/B4 -> 100
A21: Nano dated | B21: =B3/B7 -> 100
A22: CME micro | B22: =B3/B9 -> 10
A24: Sources: Coinbase Derivatives fee schedule (assets.ctfassets.net/.../Coinbase_Derivatives_Fee_Schedule_3.31.25.pdf); Coinbase blog "Perpetual futures have arrived in the U.S." (coinbase.com/blog/perpetual-futures-have-arrived-in-the-us)
